,Neighborhood,Improvement over baseline (%),Mean residual (baseline),Mean residual (neighborhood)
0,11th_Quarter,92.08901511351563,38570.32837573071,10902.702700181819
1,15th_Quartier,64.00756014730068,38570.32837573071,21068.544144946234
2,1st_Block,67.92504794849101,38570.32837573071,20840.00784537994
3,1st_Quarter,71.93066318067453,38570.32837573071,20122.35839483333
4,2nd_Block,65.51692929636879,38570.32837573071,23645.585091630765
5,2nd_Quartier,86.2211640301304,38570.32837573071,15848.804281363637
6,3rd_Block,64.0552417158867,38570.32837573071,23251.83334387261
7,4th_Block,52.81209730318085,38570.32837573071,26576.03422366416
8,4th_Quartier,76.5951387077618,38570.32837573071,19964.68843575
9,5th_Quartier,60.109445825722055,38570.32837573071,25906.58442161539
10,7th_Quartier,77.62196479450262,38570.32837573071,18997.5697044
11,8th_Quarter,44.13511787252573,38570.32837573071,25947.0441054
12,A1,77.33753602788936,38570.32837573071,17446.580993055555
13,A2,10.439552311170663,38570.32837573071,26918.00365235
14,A3,91.83716927522813,38570.32837573071,11993.629700437501
15,Ajapniak,69.49882099470541,38570.32837573071,19868.06183989595
16,Anastasavan,63.169788009046236,38570.32837573071,24895.83456509091
17,Antarayin,-151.60898150673708,38570.32837573071,65813.68808450816
18,Arabkir,43.29171929230267,38570.32837573071,29989.087307004123
19,Araratian,76.18703168801943,38570.32837573071,17685.164088375976
20,Avan,67.46128583588197,38570.32837573071,20257.744480135265
21,Avan_Arinj,71.63191392160111,38570.32837573071,18841.083730220165
22,Aygedzor,29.968294551586975,38570.32837573071,36273.36192315255
23,Aygestan,30.04743977025785,38570.32837573071,33212.929636027024
24,B1,87.92049296388407,38570.32837573071,13346.224588114286
25,B2,70.59615962811928,38570.32837573071,15721.457657051287
26,B3,27.90364691322512,38570.32837573071,31049.851234454545
27,Bryusov,67.02018519705481,38570.32837573071,22177.356341764706
28,Charents,74.63209790374698,38570.32837573071,17856.49864066667
29,Davtashen_Block,64.17860340904375,38570.32837573071,23701.21175527363
30,Duryan,68.7474512846493,38570.32837573071,22740.870473548384
31,Erebuni,74.60352475541832,38570.32837573071,17825.794615783783
32,Haghtanak,-86.1709268267142,38570.32837573071,48013.732782299994
33,Isahakyan,-2.671156743213049,38570.32837573071,44388.56483
34,Jrvezh,41.99088225014368,38570.32837573071,27655.424193374998
35,Kanaker,72.5585723363268,38570.32837573071,18205.51929900738
36,Kanaker_Zeytun,61.19212698074038,38570.32837573071,22427.549393173154
37,Kentron,-35.57071881799522,38570.32837573071,45023.695138640855
38,Kharberd,83.6634041407771,38570.32837573071,16435.4384845
39,Koghb,-3.3983573901084814,38570.32837573071,32061.01287961111
40,Kond,16.117655442438252,38570.32837573071,33991.390362659375
41,Kuchak,74.46302825256322,38570.32837573071,17674.16491072727
42,Lukashin,79.33145005198152,38570.32837573071,16920.41165505454
43,Malatia_Sebastia,29.789760927261568,38570.32837573071,29997.970032227164
44,Mayak,53.57939152424935,38570.32837573071,23597.772413041672
45,Narekatsi,71.47037057407715,38570.32837573071,19488.604861098593
46,Nazarbekian,66.98091093200038,38570.32837573071,20213.083848765684
47,Nerkin_Shengavit,75.21717682055062,38570.32837573071,18150.57611689525
48,Nor_Arabkir,51.385595285970396,38570.32837573071,27718.899053404875
49,Nor_Aresh,70.90094080114069,38570.32837573071,20718.909606040466
50,Nor_Butania,70.7696217467799,38570.32837573071,20986.330470892855
51,Nor_Kilikia,-166.83646943676257,38570.32837573071,60861.60603812
52,Nor_Malatia,70.23709241059998,38570.32837573071,22373.358229315792
53,Nor_Nork,76.02717164608013,38570.32837573071,17670.389801378427
54,Nor_Nork_1st_Microdistrict,73.51499456234245,38570.32837573071,17211.058439281253
55,Nor_Nork_2nd_Microdistrict,79.7941190027313,38570.32837573071,16807.915790112373
56,Nor_Nork_3rd_Microdistrict,81.32643926328251,38570.32837573071,15892.450628687324
57,Nor_Nork_4th_Microdistrict,75.51518267254674,38570.32837573071,18283.556445976665
58,Nor_Nork_5th_Microdistrict,75.8751142280375,38570.32837573071,17763.468864490686
59,Nor_Nork_6th_Microdistrict,83.98224394139744,38570.32837573071,15289.991921517987
60,Nor_Nork_7th_Microdistrict,75.37908857867114,38570.32837573071,17163.842129368422
61,Nor_Nork_8th_Microdistrict,87.48066814343873,38570.32837573071,12958.4225881
62,Nor_Nork_9th_Microdistrict,49.36267617627908,38570.32837573071,25415.023552000002
63,Nor_Sebastia,72.49689825655307,38570.32837573071,19056.705976304565
64,Nor_Zeytun,59.356773297061984,38570.32837573071,24313.80877184517
65,Norashen,64.94245300260187,38570.32837573071,22914.473088333332
66,Nork,28.657791484185513,38570.32837573071,33018.35818606572
67,Nork_Marash,-5.512334224607478,38570.32837573071,39210.40669064141
68,Nubarashen,81.12123998187033,38570.32837573071,19014.045638211537
69,Old_Yerevan,-29.946448907608698,38570.32837573071,46485.77989088679
70,Sari_Tagh,90.01354803835191,38570.32837573071,12921.00638382353
71,Sayat_Nova,47.04134002673926,38570.32837573071,22400.959273722223
72,Shahumyan,63.121387148457316,38570.32837573071,23031.65426848889
73,Shengavit,63.306886711995006,38570.32837573071,22223.260976109403
74,Tumanyan,79.14690504069212,38570.32837573071,17891.14830057143
75,Vardashen,65.4044835712114,38570.32837573071,22299.545495826085
76,Varuzhan,71.24245687231443,38570.32837573071,16744.245125111112
77,Verin_Charbakh,68.88520196805322,38570.32837573071,16915.21233943137
78,Verin_Shengavit,69.59201388829399,38570.32837573071,20642.96093680278
79,Zoravar_Andranik,73.20000039792885,38570.32837573071,17654.216700227404
